<configuration>
  <timestamp key="bySecond" datePattern="yyyyMMdd'T'HHmmss"/>

  <appender class="ch.qos.logback.core.ConsoleAppender" name="STDOUT">
    <encoder>
      <pattern>%d{HH:mm:ss.SSS} [%thread] %-5level %logger{36} - %msg%n</pattern>
    </encoder>
  </appender>
  <appender name="FILE" class="ch.qos.logback.core.FileAppender">
    <file>./data/logs/webservices-${bySecond}.log</file>
    <append>true</append>
    <immediateFlush>true</immediateFlush>
    <encoder>
      <pattern>%d{HH:mm:ss.SSS} [%thread] %-5level %logger{36} - %msg%n</pattern>
    </encoder>
  </appender>

  <!--<logger name="org.jooq" level="DEBUG" />-->

  <root level="INFO">
    <appender-ref ref="STDOUT"/>
    <appender-ref ref="FILE"/>
  </root>
</configuration>